CODIGO_CENTRO,CODIGO_PROGRAMA_FORMACION,FICHA,AÑO_FICHA,INSCRITOS_REALES_19_24,INSCRITOS_PREDICCION_19_24,MATRICULADOS_PREDICHOS_19_24,NOMBRE_REGIONAL,CODIGO_REGIONAL,DATOS_CENTRO,PROGRAMA_FORMACION,MATRICULADOS
9305,228106,2281585,2021,99.0,99.0,49.0,REGIONAL BOYACÁ,15,9305 - CENTRO DE GESTION ADMINISTRATIVA Y FORTALECIMIENTO EMPRESARIAL,ANALISIS Y DESARROLLO DE SISTEMAS DE INFORMACION,50
9305,228106,2281961,2021,98.0,98.0,49.0,REGIONAL BOYACÁ,15,9305 - CENTRO DE GESTION ADMINISTRATIVA Y FORTALECIMIENTO EMPRESARIAL,ANALISIS Y DESARROLLO DE SISTEMAS DE INFORMACION,52
9305,228106,2348224,2021,70.0,70.0,50.0,REGIONAL BOYACÁ,15,9305 - CENTRO DE GESTION ADMINISTRATIVA Y FORTALECIMIENTO EMPRESARIAL,ANALISIS Y DESARROLLO DE SISTEMAS DE INFORMACION,50
9305,228106,2348482,2021,70.0,70.0,50.0,REGIONAL BOYACÁ,15,9305 - CENTRO DE GESTION ADMINISTRATIVA Y FORTALECIMIENTO EMPRESARIAL,ANALISIS Y DESARROLLO DE SISTEMAS DE INFORMACION,52
9110,621113,2281657,2021,93.0,93.0,49.0,REGIONAL BOYACÁ,15,9110 - CENTRO DE DESARROLLO AGROPECUARIO Y AGROINDUSTRIAL,GESTIÓN DE MERCADOS,49
9110,621113,2348289,2021,67.0,67.0,49.0,REGIONAL BOYACÁ,15,9110 - CENTRO DE DESARROLLO AGROPECUARIO Y AGROINDUSTRIAL,GESTIÓN DE MERCADOS,41
9110,621113,2374537,2021,51.0,51.0,44.0,REGIONAL BOYACÁ,15,9110 - CENTRO DE DESARROLLO AGROPECUARIO Y AGROINDUSTRIAL,GESTIÓN DE MERCADOS,47
9305,621113,2281658,2021,93.0,93.0,49.0,REGIONAL BOYACÁ,15,9305 - CENTRO DE GESTION ADMINISTRATIVA Y FORTALECIMIENTO EMPRESARIAL,GESTIÓN DE MERCADOS,50
9305,621113,2281985,2021,92.0,92.0,47.0,REGIONAL BOYACÁ,15,9305 - CENTRO DE GESTION ADMINISTRATIVA Y FORTALECIMIENTO EMPRESARIAL,GESTIÓN DE MERCADOS,46
9305,621113,2348290,2021,69.0,68.0,47.0,REGIONAL BOYACÁ,15,9305 - CENTRO DE GESTION ADMINISTRATIVA Y FORTALECIMIENTO EMPRESARIAL,GESTIÓN DE MERCADOS,55
9305,621113,2348500,2021,68.0,68.0,48.0,REGIONAL BOYACÁ,15,9305 - CENTRO DE GESTION ADMINISTRATIVA Y FORTALECIMIENTO EMPRESARIAL,GESTIÓN DE MERCADOS,48
9305,621113,2374538,2021,52.0,52.0,42.0,REGIONAL BOYACÁ,15,9305 - CENTRO DE GESTION ADMINISTRATIVA Y FORTALECIMIENTO EMPRESARIAL,GESTIÓN DE MERCADOS,45
9305,822202,2281708,2021,100.0,100.0,49.0,REGIONAL BOYACÁ,15,9305 - CENTRO DE GESTION ADMINISTRATIVA Y FORTALECIMIENTO EMPRESARIAL,GESTIÓN LOGÍSTICA,50
9305,822202,2348336,2021,98.0,98.0,49.0,REGIONAL BOYACÁ,15,9305 - CENTRO DE GESTION ADMINISTRATIVA Y FORTALECIMIENTO EMPRESARIAL,GESTIÓN LOGÍSTICA,51
9305,822202,2374587,2021,51.0,51.0,44.0,REGIONAL BOYACÁ,15,9305 - CENTRO DE GESTION ADMINISTRATIVA Y FORTALECIMIENTO EMPRESARIAL,GESTIÓN LOGÍSTICA,46
9514,822202,2281709,2021,100.0,100.0,49.0,REGIONAL BOYACÁ,15,9514 - CENTRO INDUSTRIAL DE MANTENIMIENTO Y MANUFACTURA,GESTIÓN LOGÍSTICA,48
9514,822202,2348337,2021,97.0,97.0,50.0,REGIONAL BOYACÁ,15,9514 - CENTRO INDUSTRIAL DE MANTENIMIENTO Y MANUFACTURA,GESTIÓN LOGÍSTICA,48
9305,122702,2281750,2021,100.0,101.0,49.0,REGIONAL BOYACÁ,15,9305 - CENTRO DE GESTION ADMINISTRATIVA Y FORTALECIMIENTO EMPRESARIAL,NEGOCIACIÓN INTERNACIONAL,53
9305,122702,2348373,2021,96.0,96.0,51.0,REGIONAL BOYACÁ,15,9305 - CENTRO DE GESTION ADMINISTRATIVA Y FORTALECIMIENTO EMPRESARIAL,NEGOCIACIÓN INTERNACIONAL,51
9305,122702,2348516,2021,95.0,95.0,50.0,REGIONAL BOYACÁ,15,9305 - CENTRO DE GESTION ADMINISTRATIVA Y FORTALECIMIENTO EMPRESARIAL,NEGOCIACIÓN INTERNACIONAL,48
9305,122702,2374636,2021,51.0,51.0,44.0,REGIONAL BOYACÁ,15,9305 - CENTRO DE GESTION ADMINISTRATIVA Y FORTALECIMIENTO EMPRESARIAL,NEGOCIACIÓN INTERNACIONAL,44
9305,228101,2281784,2021,70.0,70.0,50.0,REGIONAL BOYACÁ,15,9305 - CENTRO DE GESTION ADMINISTRATIVA Y FORTALECIMIENTO EMPRESARIAL,PRODUCCION DE MULTIMEDIA,46
9305,228101,2282018,2021,70.0,69.0,50.0,REGIONAL BOYACÁ,15,9305 - CENTRO DE GESTION ADMINISTRATIVA Y FORTALECIMIENTO EMPRESARIAL,PRODUCCION DE MULTIMEDIA,48
9305,228101,2348401,2021,83.0,82.0,52.0,REGIONAL BOYACÁ,15,9305 - CENTRO DE GESTION ADMINISTRATIVA Y FORTALECIMIENTO EMPRESARIAL,PRODUCCION DE MULTIMEDIA,53
9514,228101,2281785,2021,70.0,70.0,50.0,REGIONAL BOYACÁ,15,9514 - CENTRO INDUSTRIAL DE MANTENIMIENTO Y MANUFACTURA,PRODUCCION DE MULTIMEDIA,51
9514,228101,2282019,2021,69.0,69.0,47.0,REGIONAL BOYACÁ,15,9514 - CENTRO INDUSTRIAL DE MANTENIMIENTO Y MANUFACTURA,PRODUCCION DE MULTIMEDIA,47
9110,228106,2348222,2021,70.0,70.0,50.0,REGIONAL BOYACÁ,15,9110 - CENTRO DE DESARROLLO AGROPECUARIO Y AGROINDUSTRIAL,ANALISIS Y DESARROLLO DE SISTEMAS DE INFORMACION,51
9111,228106,2348223,2021,70.0,70.0,50.0,REGIONAL BOYACÁ,15,9111 - CENTRO MINERO,ANALISIS Y DESARROLLO DE SISTEMAS DE INFORMACION,52
9111,228106,2348647,2021,69.0,69.0,47.0,REGIONAL BOYACÁ,15,9111 - CENTRO MINERO,ANALISIS Y DESARROLLO DE SISTEMAS DE INFORMACION,50
9111,228106,2348683,2021,69.0,69.0,47.0,REGIONAL BOYACÁ,15,9111 - CENTRO MINERO,ANALISIS Y DESARROLLO DE SISTEMAS DE INFORMACION,50
9111,228106,2348719,2021,69.0,69.0,47.0,REGIONAL BOYACÁ,15,9111 - CENTRO MINERO,ANALISIS Y DESARROLLO DE SISTEMAS DE INFORMACION,50
9111,228106,2374477,2021,51.0,51.0,44.0,REGIONAL BOYACÁ,15,9111 - CENTRO MINERO,ANALISIS Y DESARROLLO DE SISTEMAS DE INFORMACION,44
9111,228106,2374779,2021,50.0,50.0,42.0,REGIONAL BOYACÁ,15,9111 - CENTRO MINERO,ANALISIS Y DESARROLLO DE SISTEMAS DE INFORMACION,44
9111,228106,2374800,2021,50.0,50.0,42.0,REGIONAL BOYACÁ,15,9111 - CENTRO MINERO,ANALISIS Y DESARROLLO DE SISTEMAS DE INFORMACION,46
9514,228106,2348225,2021,70.0,70.0,50.0,REGIONAL BOYACÁ,15,9514 - CENTRO INDUSTRIAL DE MANTENIMIENTO Y MANUFACTURA,ANALISIS Y DESARROLLO DE SISTEMAS DE INFORMACION,46
9514,228106,2374478,2021,51.0,51.0,44.0,REGIONAL BOYACÁ,15,9514 - CENTRO INDUSTRIAL DE MANTENIMIENTO Y MANUFACTURA,ANALISIS Y DESARROLLO DE SISTEMAS DE INFORMACION,46
9110,122702,2348372,2021,96.0,96.0,51.0,REGIONAL BOYACÁ,15,9110 - CENTRO DE DESARROLLO AGROPECUARIO Y AGROINDUSTRIAL,NEGOCIACIÓN INTERNACIONAL,50
9110,122702,2374635,2021,51.0,51.0,44.0,REGIONAL BOYACÁ,15,9110 - CENTRO DE DESARROLLO AGROPECUARIO Y AGROINDUSTRIAL,NEGOCIACIÓN INTERNACIONAL,42
9110,822202,2374586,2021,51.0,51.0,44.0,REGIONAL BOYACÁ,15,9110 - CENTRO DE DESARROLLO AGROPECUARIO Y AGROINDUSTRIAL,GESTIÓN LOGÍSTICA,46
9111,228118,2455228,2021,50.0,51.0,42.0,REGIONAL BOYACÁ,15,9111 - CENTRO MINERO,ANALISIS Y DESARROLLO DE SOFTWARE.,43
9111,228118,2521966,2022,98.0,98.0,49.0,REGIONAL BOYACÁ,15,9111 - CENTRO MINERO,ANALISIS Y DESARROLLO DE SOFTWARE.,48
9111,228118,2547382,2022,101.0,100.0,48.0,REGIONAL BOYACÁ,15,9111 - CENTRO MINERO,ANALISIS Y DESARROLLO DE SOFTWARE.,46
9111,228118,2834820,2023,67.0,55.0,49.0,REGIONAL BOYACÁ,15,9111 - CENTRO MINERO,ANALISIS Y DESARROLLO DE SOFTWARE.,55
9111,228118,2879632,2023,52.0,52.0,42.0,REGIONAL BOYACÁ,15,9111 - CENTRO MINERO,ANALISIS Y DESARROLLO DE SOFTWARE.,46
9111,228118,2977343,2024,53.0,52.0,44.0,REGIONAL BOYACÁ,15,9111 - CENTRO MINERO,ANALISIS Y DESARROLLO DE SOFTWARE.,41
9111,228118,2977344,2024,50.0,52.0,42.0,REGIONAL BOYACÁ,15,9111 - CENTRO MINERO,ANALISIS Y DESARROLLO DE SOFTWARE.,36
9111,228118,2977345,2024,50.0,50.0,42.0,REGIONAL BOYACÁ,15,9111 - CENTRO MINERO,ANALISIS Y DESARROLLO DE SOFTWARE.,37
9111,228118,2977346,2024,50.0,50.0,42.0,REGIONAL BOYACÁ,15,9111 - CENTRO MINERO,ANALISIS Y DESARROLLO DE SOFTWARE.,41
9111,228118,2977347,2024,50.0,50.0,42.0,REGIONAL BOYACÁ,15,9111 - CENTRO MINERO,ANALISIS Y DESARROLLO DE SOFTWARE.,43
9111,228118,2977348,2024,50.0,50.0,42.0,REGIONAL BOYACÁ,15,9111 - CENTRO MINERO,ANALISIS Y DESARROLLO DE SOFTWARE.,42
9111,228118,3070207,2024,50.0,50.0,42.0,REGIONAL BOYACÁ,15,9111 - CENTRO MINERO,ANALISIS Y DESARROLLO DE SOFTWARE.,38
9110,228118,2626978,2022,89.0,89.0,50.0,REGIONAL BOYACÁ,15,9110 - CENTRO DE DESARROLLO AGROPECUARIO Y AGROINDUSTRIAL,ANALISIS Y DESARROLLO DE SOFTWARE.,50
9110,228118,2675770,2022,84.0,84.0,51.0,REGIONAL BOYACÁ,15,9110 - CENTRO DE DESARROLLO AGROPECUARIO Y AGROINDUSTRIAL,ANALISIS Y DESARROLLO DE SOFTWARE.,51
9110,228118,2834906,2023,51.0,51.0,44.0,REGIONAL BOYACÁ,15,9110 - CENTRO DE DESARROLLO AGROPECUARIO Y AGROINDUSTRIAL,ANALISIS Y DESARROLLO DE SOFTWARE.,40
9110,228118,2977341,2024,51.0,51.0,44.0,REGIONAL BOYACÁ,15,9110 - CENTRO DE DESARROLLO AGROPECUARIO Y AGROINDUSTRIAL,ANALISIS Y DESARROLLO DE SOFTWARE.,42
9110,228118,2977342,2024,50.0,50.0,42.0,REGIONAL BOYACÁ,15,9110 - CENTRO DE DESARROLLO AGROPECUARIO Y AGROINDUSTRIAL,ANALISIS Y DESARROLLO DE SOFTWARE.,42
9305,228118,2627048,2022,89.0,87.0,50.0,REGIONAL BOYACÁ,15,9305 - CENTRO DE GESTION ADMINISTRATIVA Y FORTALECIMIENTO EMPRESARIAL,ANALISIS Y DESARROLLO DE SOFTWARE.,52
9305,228118,2721490,2023,80.0,80.0,51.0,REGIONAL BOYACÁ,15,9305 - CENTRO DE GESTION ADMINISTRATIVA Y FORTALECIMIENTO EMPRESARIAL,ANALISIS Y DESARROLLO DE SOFTWARE.,55
9305,228118,2758318,2023,72.0,73.0,50.0,REGIONAL BOYACÁ,15,9305 - CENTRO DE GESTION ADMINISTRATIVA Y FORTALECIMIENTO EMPRESARIAL,ANALISIS Y DESARROLLO DE SOFTWARE.,50
9305,228118,2834892,2023,51.0,51.0,44.0,REGIONAL BOYACÁ,15,9305 - CENTRO DE GESTION ADMINISTRATIVA Y FORTALECIMIENTO EMPRESARIAL,ANALISIS Y DESARROLLO DE SOFTWARE.,44
9305,228118,2879677,2023,50.0,51.0,42.0,REGIONAL BOYACÁ,15,9305 - CENTRO DE GESTION ADMINISTRATIVA Y FORTALECIMIENTO EMPRESARIAL,ANALISIS Y DESARROLLO DE SOFTWARE.,48
9305,228118,2977440,2024,53.0,52.0,44.0,REGIONAL BOYACÁ,15,9305 - CENTRO DE GESTION ADMINISTRATIVA Y FORTALECIMIENTO EMPRESARIAL,ANALISIS Y DESARROLLO DE SOFTWARE.,48
9305,228118,2977441,2024,50.0,51.0,42.0,REGIONAL BOYACÁ,15,9305 - CENTRO DE GESTION ADMINISTRATIVA Y FORTALECIMIENTO EMPRESARIAL,ANALISIS Y DESARROLLO DE SOFTWARE.,48
9514,228118,2675842,2022,72.0,68.0,50.0,REGIONAL BOYACÁ,15,9514 - CENTRO INDUSTRIAL DE MANTENIMIENTO Y MANUFACTURA,ANALISIS Y DESARROLLO DE SOFTWARE.,52
9514,228118,2758352,2023,72.0,71.0,50.0,REGIONAL BOYACÁ,15,9514 - CENTRO INDUSTRIAL DE MANTENIMIENTO Y MANUFACTURA,ANALISIS Y DESARROLLO DE SOFTWARE.,55
9514,228118,2834831,2023,50.0,50.0,42.0,REGIONAL BOYACÁ,15,9514 - CENTRO INDUSTRIAL DE MANTENIMIENTO Y MANUFACTURA,ANALISIS Y DESARROLLO DE SOFTWARE.,37
9514,228118,3070208,2024,50.0,51.0,42.0,REGIONAL BOYACÁ,15,9514 - CENTRO INDUSTRIAL DE MANTENIMIENTO Y MANUFACTURA,ANALISIS Y DESARROLLO DE SOFTWARE.,46
9514,522309,2721329,2023,52.0,52.0,42.0,REGIONAL BOYACÁ,15,9514 - CENTRO INDUSTRIAL DE MANTENIMIENTO Y MANUFACTURA,DESARROLLO DE MEDIOS GRAFICOS VISUALES,46
9514,522309,2758197,2023,51.0,52.0,44.0,REGIONAL BOYACÁ,15,9514 - CENTRO INDUSTRIAL DE MANTENIMIENTO Y MANUFACTURA,DESARROLLO DE MEDIOS GRAFICOS VISUALES,39
9514,522309,2977237,2024,51.0,51.0,44.0,REGIONAL BOYACÁ,15,9514 - CENTRO INDUSTRIAL DE MANTENIMIENTO Y MANUFACTURA,DESARROLLO DE MEDIOS GRAFICOS VISUALES,43
9514,522309,3070214,2024,53.0,53.0,44.0,REGIONAL BOYACÁ,15,9514 - CENTRO INDUSTRIAL DE MANTENIMIENTO Y MANUFACTURA,DESARROLLO DE MEDIOS GRAFICOS VISUALES,43
9305,524703,2721365,2023,97.0,97.0,50.0,REGIONAL BOYACÁ,15,9305 - CENTRO DE GESTION ADMINISTRATIVA Y FORTALECIMIENTO EMPRESARIAL,ANIMACION 3D.,53
9305,524703,2834655,2023,51.0,51.0,44.0,REGIONAL BOYACÁ,15,9305 - CENTRO DE GESTION ADMINISTRATIVA Y FORTALECIMIENTO EMPRESARIAL,ANIMACION 3D.,44
9305,524703,2977297,2024,53.0,53.0,44.0,REGIONAL BOYACÁ,15,9305 - CENTRO DE GESTION ADMINISTRATIVA Y FORTALECIMIENTO EMPRESARIAL,ANIMACION 3D.,45
9305,124100,2721688,2023,51.0,51.0,44.0,REGIONAL BOYACÁ,15,9305 - CENTRO DE GESTION ADMINISTRATIVA Y FORTALECIMIENTO EMPRESARIAL,DESARROLLO PUBLICITARIO,37
9305,124100,2758457,2023,51.0,48.0,44.0,REGIONAL BOYACÁ,15,9305 - CENTRO DE GESTION ADMINISTRATIVA Y FORTALECIMIENTO EMPRESARIAL,DESARROLLO PUBLICITARIO,41
9305,124100,2834775,2023,51.0,51.0,44.0,REGIONAL BOYACÁ,15,9305 - CENTRO DE GESTION ADMINISTRATIVA Y FORTALECIMIENTO EMPRESARIAL,DESARROLLO PUBLICITARIO,40
9305,217320,2758102,2023,52.0,51.0,42.0,REGIONAL BOYACÁ,15,9305 - CENTRO DE GESTION ADMINISTRATIVA Y FORTALECIMIENTO EMPRESARIAL,DESARROLLO MULTIMEDIA Y WEB,48
9305,217320,2834416,2023,51.0,51.0,44.0,REGIONAL BOYACÁ,15,9305 - CENTRO DE GESTION ADMINISTRATIVA Y FORTALECIMIENTO EMPRESARIAL,DESARROLLO MULTIMEDIA Y WEB,43
9110,723179,2758202,2023,98.0,94.0,49.0,REGIONAL BOYACÁ,15,9110 - CENTRO DE DESARROLLO AGROPECUARIO Y AGROINDUSTRIAL,GESTION AGROEMPRESARIAL,50
9110,723179,2834552,2023,50.0,50.0,42.0,REGIONAL BOYACÁ,15,9110 - CENTRO DE DESARROLLO AGROPECUARIO Y AGROINDUSTRIAL,GESTION AGROEMPRESARIAL,44
9110,723179,2834553,2023,50.0,50.0,42.0,REGIONAL BOYACÁ,15,9110 - CENTRO DE DESARROLLO AGROPECUARIO Y AGROINDUSTRIAL,GESTION AGROEMPRESARIAL,43
9110,723179,2977244,2024,50.0,50.0,42.0,REGIONAL BOYACÁ,15,9110 - CENTRO DE DESARROLLO AGROPECUARIO Y AGROINDUSTRIAL,GESTION AGROEMPRESARIAL,37
9514,228108,2879620,2023,53.0,53.0,44.0,REGIONAL BOYACÁ,15,9514 - CENTRO INDUSTRIAL DE MANTENIMIENTO Y MANUFACTURA,DESARROLLO DE VIDEOJUEGOS Y ENTORNOS INTERACTIVOS,47
9514,821207,2879923,2023,50.0,54.0,42.0,REGIONAL BOYACÁ,15,9514 - CENTRO INDUSTRIAL DE MANTENIMIENTO Y MANUFACTURA,GESTION EFICIENTE DE LA ENERGIA,43
9514,821207,2977909,2024,61.0,61.0,52.0,REGIONAL BOYACÁ,15,9514 - CENTRO INDUSTRIAL DE MANTENIMIENTO Y MANUFACTURA,GESTION EFICIENTE DE LA ENERGIA,52
9551,217320,2977148,2024,51.0,51.0,44.0,REGIONAL BOYACÁ,15,9551 - CENTRO DE LA INNOVACIÓN AGROINDUSTRIAL Y DE SERVICIOS,DESARROLLO MULTIMEDIA Y WEB,42
9305,121523,3070210,2024,51.0,51.0,44.0,REGIONAL BOYACÁ,15,9305 - CENTRO DE GESTION ADMINISTRATIVA Y FORTALECIMIENTO EMPRESARIAL,COORDINACION DE PROCESOS LOGISTICOS,41
9305,121523,3070212,2024,51.0,51.0,44.0,REGIONAL BOYACÁ,15,9305 - CENTRO DE GESTION ADMINISTRATIVA Y FORTALECIMIENTO EMPRESARIAL,COORDINACION DE PROCESOS LOGISTICOS,44
9551,121523,3070211,2024,50.0,51.0,42.0,REGIONAL BOYACÁ,15,9551 - CENTRO DE LA INNOVACIÓN AGROINDUSTRIAL Y DE SERVICIOS,COORDINACION DE PROCESOS LOGISTICOS,44
9119,228106,2281607,2021,99.0,99.0,49.0,REGIONAL NORTE DE SANTANDER,54,9119 - CENTRO DE FORMACIÓN PARA EL DESARROLLO RURAL Y MINERO,ANALISIS Y DESARROLLO DE SISTEMAS DE INFORMACION,49
9119,228106,2282201,2021,98.0,98.0,49.0,REGIONAL NORTE DE SANTANDER,54,9119 - CENTRO DE FORMACIÓN PARA EL DESARROLLO RURAL Y MINERO,ANALISIS Y DESARROLLO DE SISTEMAS DE INFORMACION,55
9119,228106,2282259,2021,98.0,98.0,49.0,REGIONAL NORTE DE SANTANDER,54,9119 - CENTRO DE FORMACIÓN PARA EL DESARROLLO RURAL Y MINERO,ANALISIS Y DESARROLLO DE SISTEMAS DE INFORMACION,51
9119,228106,2282317,2021,99.0,99.0,49.0,REGIONAL NORTE DE SANTANDER,54,9119 - CENTRO DE FORMACIÓN PARA EL DESARROLLO RURAL Y MINERO,ANALISIS Y DESARROLLO DE SISTEMAS DE INFORMACION,49
9119,228106,2348245,2021,70.0,70.0,50.0,REGIONAL NORTE DE SANTANDER,54,9119 - CENTRO DE FORMACIÓN PARA EL DESARROLLO RURAL Y MINERO,ANALISIS Y DESARROLLO DE SISTEMAS DE INFORMACION,50
9119,228106,2348490,2021,69.0,69.0,47.0,REGIONAL NORTE DE SANTANDER,54,9119 - CENTRO DE FORMACIÓN PARA EL DESARROLLO RURAL Y MINERO,ANALISIS Y DESARROLLO DE SISTEMAS DE INFORMACION,50
9119,228106,2374497,2021,51.0,51.0,44.0,REGIONAL NORTE DE SANTANDER,54,9119 - CENTRO DE FORMACIÓN PARA EL DESARROLLO RURAL Y MINERO,ANALISIS Y DESARROLLO DE SISTEMAS DE INFORMACION,47
9537,228106,2281608,2021,99.0,99.0,49.0,REGIONAL NORTE DE SANTANDER,54,"9537 - CENTRO DE LA INDUSTRIA, LA EMPRESA Y LOS SERVICIOS",ANALISIS Y DESARROLLO DE SISTEMAS DE INFORMACION,48
9537,228106,2282449,2021,98.0,98.0,49.0,REGIONAL NORTE DE SANTANDER,54,"9537 - CENTRO DE LA INDUSTRIA, LA EMPRESA Y LOS SERVICIOS",ANALISIS Y DESARROLLO DE SISTEMAS DE INFORMACION,47
9537,228106,2282454,2021,98.0,98.0,49.0,REGIONAL NORTE DE SANTANDER,54,"9537 - CENTRO DE LA INDUSTRIA, LA EMPRESA Y LOS SERVICIOS",ANALISIS Y DESARROLLO DE SISTEMAS DE INFORMACION,49
9537,228106,2282459,2021,98.0,98.0,49.0,REGIONAL NORTE DE SANTANDER,54,"9537 - CENTRO DE LA INDUSTRIA, LA EMPRESA Y LOS SERVICIOS",ANALISIS Y DESARROLLO DE SISTEMAS DE INFORMACION,41
9537,228106,2282464,2021,98.0,98.0,49.0,REGIONAL NORTE DE SANTANDER,54,"9537 - CENTRO DE LA INDUSTRIA, LA EMPRESA Y LOS SERVICIOS",ANALISIS Y DESARROLLO DE SISTEMAS DE INFORMACION,43
9537,228106,2282469,2021,98.0,98.0,49.0,REGIONAL NORTE DE SANTANDER,54,"9537 - CENTRO DE LA INDUSTRIA, LA EMPRESA Y LOS SERVICIOS",ANALISIS Y DESARROLLO DE SISTEMAS DE INFORMACION,40
9537,228106,2282474,2021,98.0,98.0,49.0,REGIONAL NORTE DE SANTANDER,54,"9537 - CENTRO DE LA INDUSTRIA, LA EMPRESA Y LOS SERVICIOS",ANALISIS Y DESARROLLO DE SISTEMAS DE INFORMACION,44
9537,228106,2374498,2021,50.0,50.0,42.0,REGIONAL NORTE DE SANTANDER,54,"9537 - CENTRO DE LA INDUSTRIA, LA EMPRESA Y LOS SERVICIOS",ANALISIS Y DESARROLLO DE SISTEMAS DE INFORMACION,39
9537,228106,2374783,2021,50.0,50.0,42.0,REGIONAL NORTE DE SANTANDER,54,"9537 - CENTRO DE LA INDUSTRIA, LA EMPRESA Y LOS SERVICIOS",ANALISIS Y DESARROLLO DE SISTEMAS DE INFORMACION,38
9537,228106,2374804,2021,50.0,50.0,42.0,REGIONAL NORTE DE SANTANDER,54,"9537 - CENTRO DE LA INDUSTRIA, LA EMPRESA Y LOS SERVICIOS",ANALISIS Y DESARROLLO DE SISTEMAS DE INFORMACION,42
9119,621113,2281681,2021,93.0,93.0,49.0,REGIONAL NORTE DE SANTANDER,54,9119 - CENTRO DE FORMACIÓN PARA EL DESARROLLO RURAL Y MINERO,GESTIÓN DE MERCADOS,47
9119,621113,2282214,2021,92.0,92.0,47.0,REGIONAL NORTE DE SANTANDER,54,9119 - CENTRO DE FORMACIÓN PARA EL DESARROLLO RURAL Y MINERO,GESTIÓN DE MERCADOS,54
9119,621113,2282272,2021,92.0,92.0,47.0,REGIONAL NORTE DE SANTANDER,54,9119 - CENTRO DE FORMACIÓN PARA EL DESARROLLO RURAL Y MINERO,GESTIÓN DE MERCADOS,51
9119,621113,2282330,2021,92.0,92.0,47.0,REGIONAL NORTE DE SANTANDER,54,9119 - CENTRO DE FORMACIÓN PARA EL DESARROLLO RURAL Y MINERO,GESTIÓN DE MERCADOS,45
9119,621113,2348307,2021,66.0,66.0,49.0,REGIONAL NORTE DE SANTANDER,54,9119 - CENTRO DE FORMACIÓN PARA EL DESARROLLO RURAL Y MINERO,GESTIÓN DE MERCADOS,47
9119,621113,2348652,2021,66.0,66.0,49.0,REGIONAL NORTE DE SANTANDER,54,9119 - CENTRO DE FORMACIÓN PARA EL DESARROLLO RURAL Y MINERO,GESTIÓN DE MERCADOS,49
9119,621113,2348688,2021,66.0,66.0,49.0,REGIONAL NORTE DE SANTANDER,54,9119 - CENTRO DE FORMACIÓN PARA EL DESARROLLO RURAL Y MINERO,GESTIÓN DE MERCADOS,49
9119,621113,2348724,2021,66.0,67.0,49.0,REGIONAL NORTE DE SANTANDER,54,9119 - CENTRO DE FORMACIÓN PARA EL DESARROLLO RURAL Y MINERO,GESTIÓN DE MERCADOS,52
9119,621113,2374558,2021,50.0,50.0,42.0,REGIONAL NORTE DE SANTANDER,54,9119 - CENTRO DE FORMACIÓN PARA EL DESARROLLO RURAL Y MINERO,GESTIÓN DE MERCADOS,44
9537,621113,2281682,2021,93.0,93.0,49.0,REGIONAL NORTE DE SANTANDER,54,"9537 - CENTRO DE LA INDUSTRIA, LA EMPRESA Y LOS SERVICIOS",GESTIÓN DE MERCADOS,46
9537,621113,2282451,2021,92.0,92.0,47.0,REGIONAL NORTE DE SANTANDER,54,"9537 - CENTRO DE LA INDUSTRIA, LA EMPRESA Y LOS SERVICIOS",GESTIÓN DE MERCADOS,47
9537,621113,2282456,2021,92.0,92.0,47.0,REGIONAL NORTE DE SANTANDER,54,"9537 - CENTRO DE LA INDUSTRIA, LA EMPRESA Y LOS SERVICIOS",GESTIÓN DE MERCADOS,44
9537,621113,2282461,2021,92.0,92.0,47.0,REGIONAL NORTE DE SANTANDER,54,"9537 - CENTRO DE LA INDUSTRIA, LA EMPRESA Y LOS SERVICIOS",GESTIÓN DE MERCADOS,43
9537,621113,2282466,2021,92.0,92.0,47.0,REGIONAL NORTE DE SANTANDER,54,"9537 - CENTRO DE LA INDUSTRIA, LA EMPRESA Y LOS SERVICIOS",GESTIÓN DE MERCADOS,48
9537,621113,2282471,2021,92.0,93.0,47.0,REGIONAL NORTE DE SANTANDER,54,"9537 - CENTRO DE LA INDUSTRIA, LA EMPRESA Y LOS SERVICIOS",GESTIÓN DE MERCADOS,43
9537,621113,2282476,2021,92.0,91.0,47.0,REGIONAL NORTE DE SANTANDER,54,"9537 - CENTRO DE LA INDUSTRIA, LA EMPRESA Y LOS SERVICIOS",GESTIÓN DE MERCADOS,40
9537,621113,2374559,2021,50.0,50.0,42.0,REGIONAL NORTE DE SANTANDER,54,"9537 - CENTRO DE LA INDUSTRIA, LA EMPRESA Y LOS SERVICIOS",GESTIÓN DE MERCADOS,39
9537,621113,2374740,2021,50.0,48.0,42.0,REGIONAL NORTE DE SANTANDER,54,"9537 - CENTRO DE LA INDUSTRIA, LA EMPRESA Y LOS SERVICIOS",GESTIÓN DE MERCADOS,40
9119,822202,2281727,2021,100.0,101.0,49.0,REGIONAL NORTE DE SANTANDER,54,9119 - CENTRO DE FORMACIÓN PARA EL DESARROLLO RURAL Y MINERO,GESTIÓN LOGÍSTICA,51
9119,822202,2282222,2021,100.0,100.0,49.0,REGIONAL NORTE DE SANTANDER,54,9119 - CENTRO DE FORMACIÓN PARA EL DESARROLLO RURAL Y MINERO,GESTIÓN LOGÍSTICA,50
9119,822202,2282280,2021,100.0,100.0,49.0,REGIONAL NORTE DE SANTANDER,54,9119 - CENTRO DE FORMACIÓN PARA EL DESARROLLO RURAL Y MINERO,GESTIÓN LOGÍSTICA,49
9119,822202,2282338,2021,100.0,100.0,49.0,REGIONAL NORTE DE SANTANDER,54,9119 - CENTRO DE FORMACIÓN PARA EL DESARROLLO RURAL Y MINERO,GESTIÓN LOGÍSTICA,54
9119,822202,2348352,2021,96.0,96.0,51.0,REGIONAL NORTE DE SANTANDER,54,9119 - CENTRO DE FORMACIÓN PARA EL DESARROLLO RURAL Y MINERO,GESTIÓN LOGÍSTICA,52
9119,822202,2348658,2021,96.0,96.0,51.0,REGIONAL NORTE DE SANTANDER,54,9119 - CENTRO DE FORMACIÓN PARA EL DESARROLLO RURAL Y MINERO,GESTIÓN LOGÍSTICA,50
9119,822202,2348694,2021,96.0,96.0,51.0,REGIONAL NORTE DE SANTANDER,54,9119 - CENTRO DE FORMACIÓN PARA EL DESARROLLO RURAL Y MINERO,GESTIÓN LOGÍSTICA,51
9119,822202,2348730,2021,100.0,99.0,49.0,REGIONAL NORTE DE SANTANDER,54,9119 - CENTRO DE FORMACIÓN PARA EL DESARROLLO RURAL Y MINERO,GESTIÓN LOGÍSTICA,58
9119,822202,2374609,2021,50.0,50.0,42.0,REGIONAL NORTE DE SANTANDER,54,9119 - CENTRO DE FORMACIÓN PARA EL DESARROLLO RURAL Y MINERO,GESTIÓN LOGÍSTICA,47
9119,822202,2374792,2021,50.0,50.0,42.0,REGIONAL NORTE DE SANTANDER,54,9119 - CENTRO DE FORMACIÓN PARA EL DESARROLLO RURAL Y MINERO,GESTIÓN LOGÍSTICA,46
9119,822202,2374813,2021,50.0,50.0,42.0,REGIONAL NORTE DE SANTANDER,54,9119 - CENTRO DE FORMACIÓN PARA EL DESARROLLO RURAL Y MINERO,GESTIÓN LOGÍSTICA,45
9119,122702,2281763,2021,102.0,102.0,49.0,REGIONAL NORTE DE SANTANDER,54,9119 - CENTRO DE FORMACIÓN PARA EL DESARROLLO RURAL Y MINERO,NEGOCIACIÓN INTERNACIONAL,51
9119,122702,2282012,2021,100.0,100.0,49.0,REGIONAL NORTE DE SANTANDER,54,9119 - CENTRO DE FORMACIÓN PARA EL DESARROLLO RURAL Y MINERO,NEGOCIACIÓN INTERNACIONAL,51
9119,122702,2348382,2021,96.0,96.0,51.0,REGIONAL NORTE DE SANTANDER,54,9119 - CENTRO DE FORMACIÓN PARA EL DESARROLLO RURAL Y MINERO,NEGOCIACIÓN INTERNACIONAL,50
9119,122702,2348576,2021,95.0,95.0,50.0,REGIONAL NORTE DE SANTANDER,54,9119 - CENTRO DE FORMACIÓN PARA EL DESARROLLO RURAL Y MINERO,NEGOCIACIÓN INTERNACIONAL,53
9119,122702,2348628,2021,95.0,95.0,50.0,REGIONAL NORTE DE SANTANDER,54,9119 - CENTRO DE FORMACIÓN PARA EL DESARROLLO RURAL Y MINERO,NEGOCIACIÓN INTERNACIONAL,50
9119,122702,2374649,2021,51.0,51.0,44.0,REGIONAL NORTE DE SANTANDER,54,9119 - CENTRO DE FORMACIÓN PARA EL DESARROLLO RURAL Y MINERO,NEGOCIACIÓN INTERNACIONAL,47
9119,122702,2374761,2021,50.0,50.0,42.0,REGIONAL NORTE DE SANTANDER,54,9119 - CENTRO DE FORMACIÓN PARA EL DESARROLLO RURAL Y MINERO,NEGOCIACIÓN INTERNACIONAL,44
9537,122702,2281764,2021,100.0,101.0,49.0,REGIONAL NORTE DE SANTANDER,54,"9537 - CENTRO DE LA INDUSTRIA, LA EMPRESA Y LOS SERVICIOS",NEGOCIACIÓN INTERNACIONAL,45
9537,122702,2282482,2021,100.0,99.0,49.0,REGIONAL NORTE DE SANTANDER,54,"9537 - CENTRO DE LA INDUSTRIA, LA EMPRESA Y LOS SERVICIOS",NEGOCIACIÓN INTERNACIONAL,48
9537,122702,2282488,2021,100.0,100.0,49.0,REGIONAL NORTE DE SANTANDER,54,"9537 - CENTRO DE LA INDUSTRIA, LA EMPRESA Y LOS SERVICIOS",NEGOCIACIÓN INTERNACIONAL,49
9537,122702,2282494,2021,100.0,100.0,49.0,REGIONAL NORTE DE SANTANDER,54,"9537 - CENTRO DE LA INDUSTRIA, LA EMPRESA Y LOS SERVICIOS",NEGOCIACIÓN INTERNACIONAL,46
9537,122702,2282500,2021,100.0,100.0,49.0,REGIONAL NORTE DE SANTANDER,54,"9537 - CENTRO DE LA INDUSTRIA, LA EMPRESA Y LOS SERVICIOS",NEGOCIACIÓN INTERNACIONAL,46
9537,122702,2282506,2021,100.0,100.0,49.0,REGIONAL NORTE DE SANTANDER,54,"9537 - CENTRO DE LA INDUSTRIA, LA EMPRESA Y LOS SERVICIOS",NEGOCIACIÓN INTERNACIONAL,39
9537,122702,2282512,2021,100.0,100.0,49.0,REGIONAL NORTE DE SANTANDER,54,"9537 - CENTRO DE LA INDUSTRIA, LA EMPRESA Y LOS SERVICIOS",NEGOCIACIÓN INTERNACIONAL,44
9537,122702,2282518,2021,100.0,100.0,49.0,REGIONAL NORTE DE SANTANDER,54,"9537 - CENTRO DE LA INDUSTRIA, LA EMPRESA Y LOS SERVICIOS",NEGOCIACIÓN INTERNACIONAL,49
9537,122702,2374650,2021,51.0,51.0,44.0,REGIONAL NORTE DE SANTANDER,54,"9537 - CENTRO DE LA INDUSTRIA, LA EMPRESA Y LOS SERVICIOS",NEGOCIACIÓN INTERNACIONAL,41
9537,122702,2374794,2021,50.0,50.0,42.0,REGIONAL NORTE DE SANTANDER,54,"9537 - CENTRO DE LA INDUSTRIA, LA EMPRESA Y LOS SERVICIOS",NEGOCIACIÓN INTERNACIONAL,41
9537,122702,2374815,2021,50.0,50.0,42.0,REGIONAL NORTE DE SANTANDER,54,"9537 - CENTRO DE LA INDUSTRIA, LA EMPRESA Y LOS SERVICIOS",NEGOCIACIÓN INTERNACIONAL,41
9119,228101,2281802,2021,70.0,70.0,50.0,REGIONAL NORTE DE SANTANDER,54,9119 - CENTRO DE FORMACIÓN PARA EL DESARROLLO RURAL Y MINERO,PRODUCCION DE MULTIMEDIA,51
9119,228101,2282234,2021,69.0,69.0,47.0,REGIONAL NORTE DE SANTANDER,54,9119 - CENTRO DE FORMACIÓN PARA EL DESARROLLO RURAL Y MINERO,PRODUCCION DE MULTIMEDIA,50
9119,228101,2282292,2021,69.0,69.0,47.0,REGIONAL NORTE DE SANTANDER,54,9119 - CENTRO DE FORMACIÓN PARA EL DESARROLLO RURAL Y MINERO,PRODUCCION DE MULTIMEDIA,47
9119,228101,2282350,2021,69.0,69.0,47.0,REGIONAL NORTE DE SANTANDER,54,9119 - CENTRO DE FORMACIÓN PARA EL DESARROLLO RURAL Y MINERO,PRODUCCION DE MULTIMEDIA,48
9119,228101,2348412,2021,82.0,81.0,54.0,REGIONAL NORTE DE SANTANDER,54,9119 - CENTRO DE FORMACIÓN PARA EL DESARROLLO RURAL Y MINERO,PRODUCCION DE MULTIMEDIA,54
9119,228101,2348531,2021,82.0,79.0,54.0,REGIONAL NORTE DE SANTANDER,54,9119 - CENTRO DE FORMACIÓN PARA EL DESARROLLO RURAL Y MINERO,PRODUCCION DE MULTIMEDIA,56
9537,228101,2281803,2021,70.0,70.0,50.0,REGIONAL NORTE DE SANTANDER,54,"9537 - CENTRO DE LA INDUSTRIA, LA EMPRESA Y LOS SERVICIOS",PRODUCCION DE MULTIMEDIA,47
9537,228101,2282452,2021,69.0,69.0,47.0,REGIONAL NORTE DE SANTANDER,54,"9537 - CENTRO DE LA INDUSTRIA, LA EMPRESA Y LOS SERVICIOS",PRODUCCION DE MULTIMEDIA,43
9537,228101,2282457,2021,69.0,69.0,47.0,REGIONAL NORTE DE SANTANDER,54,"9537 - CENTRO DE LA INDUSTRIA, LA EMPRESA Y LOS SERVICIOS",PRODUCCION DE MULTIMEDIA,45
9537,228101,2282462,2021,69.0,69.0,47.0,REGIONAL NORTE DE SANTANDER,54,"9537 - CENTRO DE LA INDUSTRIA, LA EMPRESA Y LOS SERVICIOS",PRODUCCION DE MULTIMEDIA,45
9537,228101,2282467,2021,69.0,69.0,47.0,REGIONAL NORTE DE SANTANDER,54,"9537 - CENTRO DE LA INDUSTRIA, LA EMPRESA Y LOS SERVICIOS",PRODUCCION DE MULTIMEDIA,42
9537,228101,2282472,2021,69.0,69.0,47.0,REGIONAL NORTE DE SANTANDER,54,"9537 - CENTRO DE LA INDUSTRIA, LA EMPRESA Y LOS SERVICIOS",PRODUCCION DE MULTIMEDIA,45
9537,228101,2282477,2021,69.0,70.0,47.0,REGIONAL NORTE DE SANTANDER,54,"9537 - CENTRO DE LA INDUSTRIA, LA EMPRESA Y LOS SERVICIOS",PRODUCCION DE MULTIMEDIA,50
9537,228101,2348413,2021,82.0,82.0,54.0,REGIONAL NORTE DE SANTANDER,54,"9537 - CENTRO DE LA INDUSTRIA, LA EMPRESA Y LOS SERVICIOS",PRODUCCION DE MULTIMEDIA,50
9537,228101,2348666,2021,81.0,79.0,51.0,REGIONAL NORTE DE SANTANDER,54,"9537 - CENTRO DE LA INDUSTRIA, LA EMPRESA Y LOS SERVICIOS",PRODUCCION DE MULTIMEDIA,51
9537,228101,2348702,2021,81.0,81.0,51.0,REGIONAL NORTE DE SANTANDER,54,"9537 - CENTRO DE LA INDUSTRIA, LA EMPRESA Y LOS SERVICIOS",PRODUCCION DE MULTIMEDIA,50
9537,228101,2348738,2021,81.0,81.0,51.0,REGIONAL NORTE DE SANTANDER,54,"9537 - CENTRO DE LA INDUSTRIA, LA EMPRESA Y LOS SERVICIOS",PRODUCCION DE MULTIMEDIA,48
9537,228101,2374679,2021,50.0,50.0,42.0,REGIONAL NORTE DE SANTANDER,54,"9537 - CENTRO DE LA INDUSTRIA, LA EMPRESA Y LOS SERVICIOS",PRODUCCION DE MULTIMEDIA,36
9537,822202,2348353,2021,96.0,96.0,51.0,REGIONAL NORTE DE SANTANDER,54,"9537 - CENTRO DE LA INDUSTRIA, LA EMPRESA Y LOS SERVICIOS",GESTIÓN LOGÍSTICA,50
9537,822202,2374610,2021,50.0,50.0,42.0,REGIONAL NORTE DE SANTANDER,54,"9537 - CENTRO DE LA INDUSTRIA, LA EMPRESA Y LOS SERVICIOS",GESTIÓN LOGÍSTICA,39
9119,228118,2455232,2021,53.0,53.0,44.0,REGIONAL NORTE DE SANTANDER,54,9119 - CENTRO DE FORMACIÓN PARA EL DESARROLLO RURAL Y MINERO,ANALISIS Y DESARROLLO DE SOFTWARE.,44
9119,228118,2626986,2022,88.0,83.0,51.0,REGIONAL NORTE DE SANTANDER,54,9119 - CENTRO DE FORMACIÓN PARA EL DESARROLLO RURAL Y MINERO,ANALISIS Y DESARROLLO DE SOFTWARE.,46
9119,228118,2626987,2022,90.0,83.0,50.0,REGIONAL NORTE DE SANTANDER,54,9119 - CENTRO DE FORMACIÓN PARA EL DESARROLLO RURAL Y MINERO,ANALISIS Y DESARROLLO DE SOFTWARE.,50
9119,228118,2675774,2022,82.0,82.0,54.0,REGIONAL NORTE DE SANTANDER,54,9119 - CENTRO DE FORMACIÓN PARA EL DESARROLLO RURAL Y MINERO,ANALISIS Y DESARROLLO DE SOFTWARE.,60
9119,228118,2675775,2022,82.0,82.0,54.0,REGIONAL NORTE DE SANTANDER,54,9119 - CENTRO DE FORMACIÓN PARA EL DESARROLLO RURAL Y MINERO,ANALISIS Y DESARROLLO DE SOFTWARE.,58
9119,228118,2675776,2022,83.0,83.0,52.0,REGIONAL NORTE DE SANTANDER,54,9119 - CENTRO DE FORMACIÓN PARA EL DESARROLLO RURAL Y MINERO,ANALISIS Y DESARROLLO DE SOFTWARE.,52
9119,228118,2758256,2023,81.0,80.0,51.0,REGIONAL NORTE DE SANTANDER,54,9119 - CENTRO DE FORMACIÓN PARA EL DESARROLLO RURAL Y MINERO,ANALISIS Y DESARROLLO DE SOFTWARE.,57
9119,228118,2834894,2023,52.0,52.0,42.0,REGIONAL NORTE DE SANTANDER,54,9119 - CENTRO DE FORMACIÓN PARA EL DESARROLLO RURAL Y MINERO,ANALISIS Y DESARROLLO DE SOFTWARE.,46
9119,228118,2879635,2023,51.0,51.0,44.0,REGIONAL NORTE DE SANTANDER,54,9119 - CENTRO DE FORMACIÓN PARA EL DESARROLLO RURAL Y MINERO,ANALISIS Y DESARROLLO DE SOFTWARE.,45
9119,228118,2977358,2024,50.0,50.0,42.0,REGIONAL NORTE DE SANTANDER,54,9119 - CENTRO DE FORMACIÓN PARA EL DESARROLLO RURAL Y MINERO,ANALISIS Y DESARROLLO DE SOFTWARE.,48
9119,228118,2977359,2024,50.0,50.0,42.0,REGIONAL NORTE DE SANTANDER,54,9119 - CENTRO DE FORMACIÓN PARA EL DESARROLLO RURAL Y MINERO,ANALISIS Y DESARROLLO DE SOFTWARE.,47
9119,228118,2977360,2024,50.0,50.0,42.0,REGIONAL NORTE DE SANTANDER,54,9119 - CENTRO DE FORMACIÓN PARA EL DESARROLLO RURAL Y MINERO,ANALISIS Y DESARROLLO DE SOFTWARE.,41
9119,228118,2977361,2024,50.0,50.0,42.0,REGIONAL NORTE DE SANTANDER,54,9119 - CENTRO DE FORMACIÓN PARA EL DESARROLLO RURAL Y MINERO,ANALISIS Y DESARROLLO DE SOFTWARE.,49
9119,228118,2977362,2024,50.0,50.0,42.0,REGIONAL NORTE DE SANTANDER,54,9119 - CENTRO DE FORMACIÓN PARA EL DESARROLLO RURAL Y MINERO,ANALISIS Y DESARROLLO DE SOFTWARE.,44
9119,228118,3070401,2024,51.0,51.0,44.0,REGIONAL NORTE DE SANTANDER,54,9119 - CENTRO DE FORMACIÓN PARA EL DESARROLLO RURAL Y MINERO,ANALISIS Y DESARROLLO DE SOFTWARE.,46
9119,228118,3070402,2024,51.0,51.0,44.0,REGIONAL NORTE DE SANTANDER,54,9119 - CENTRO DE FORMACIÓN PARA EL DESARROLLO RURAL Y MINERO,ANALISIS Y DESARROLLO DE SOFTWARE.,44
9537,228118,2455282,2021,50.0,50.0,42.0,REGIONAL NORTE DE SANTANDER,54,"9537 - CENTRO DE LA INDUSTRIA, LA EMPRESA Y LOS SERVICIOS",ANALISIS Y DESARROLLO DE SOFTWARE.,38
9537,228118,2627086,2022,88.0,88.0,51.0,REGIONAL NORTE DE SANTANDER,54,"9537 - CENTRO DE LA INDUSTRIA, LA EMPRESA Y LOS SERVICIOS",ANALISIS Y DESARROLLO DE SOFTWARE.,51
9537,228118,2627087,2022,88.0,88.0,51.0,REGIONAL NORTE DE SANTANDER,54,"9537 - CENTRO DE LA INDUSTRIA, LA EMPRESA Y LOS SERVICIOS",ANALISIS Y DESARROLLO DE SOFTWARE.,50
9537,228118,2627088,2022,88.0,88.0,51.0,REGIONAL NORTE DE SANTANDER,54,"9537 - CENTRO DE LA INDUSTRIA, LA EMPRESA Y LOS SERVICIOS",ANALISIS Y DESARROLLO DE SOFTWARE.,52
9537,228118,2627089,2022,88.0,88.0,51.0,REGIONAL NORTE DE SANTANDER,54,"9537 - CENTRO DE LA INDUSTRIA, LA EMPRESA Y LOS SERVICIOS",ANALISIS Y DESARROLLO DE SOFTWARE.,50
9537,228118,2675852,2022,70.0,70.0,50.0,REGIONAL NORTE DE SANTANDER,54,"9537 - CENTRO DE LA INDUSTRIA, LA EMPRESA Y LOS SERVICIOS",ANALISIS Y DESARROLLO DE SOFTWARE.,50
9537,228118,2675853,2022,70.0,70.0,50.0,REGIONAL NORTE DE SANTANDER,54,"9537 - CENTRO DE LA INDUSTRIA, LA EMPRESA Y LOS SERVICIOS",ANALISIS Y DESARROLLO DE SOFTWARE.,52
9537,228118,2675854,2022,70.0,70.0,50.0,REGIONAL NORTE DE SANTANDER,54,"9537 - CENTRO DE LA INDUSTRIA, LA EMPRESA Y LOS SERVICIOS",ANALISIS Y DESARROLLO DE SOFTWARE.,49
9537,228118,2675855,2022,70.0,70.0,50.0,REGIONAL NORTE DE SANTANDER,54,"9537 - CENTRO DE LA INDUSTRIA, LA EMPRESA Y LOS SERVICIOS",ANALISIS Y DESARROLLO DE SOFTWARE.,53
9537,228118,2675856,2022,70.0,70.0,50.0,REGIONAL NORTE DE SANTANDER,54,"9537 - CENTRO DE LA INDUSTRIA, LA EMPRESA Y LOS SERVICIOS",ANALISIS Y DESARROLLO DE SOFTWARE.,52
9537,228118,2758365,2023,72.0,72.0,50.0,REGIONAL NORTE DE SANTANDER,54,"9537 - CENTRO DE LA INDUSTRIA, LA EMPRESA Y LOS SERVICIOS",ANALISIS Y DESARROLLO DE SOFTWARE.,48
9537,228118,2758366,2023,72.0,72.0,50.0,REGIONAL NORTE DE SANTANDER,54,"9537 - CENTRO DE LA INDUSTRIA, LA EMPRESA Y LOS SERVICIOS",ANALISIS Y DESARROLLO DE SOFTWARE.,48
9537,228118,2834879,2023,51.0,51.0,44.0,REGIONAL NORTE DE SANTANDER,54,"9537 - CENTRO DE LA INDUSTRIA, LA EMPRESA Y LOS SERVICIOS",ANALISIS Y DESARROLLO DE SOFTWARE.,46
9537,228118,2879722,2023,51.0,51.0,44.0,REGIONAL NORTE DE SANTANDER,54,"9537 - CENTRO DE LA INDUSTRIA, LA EMPRESA Y LOS SERVICIOS",ANALISIS Y DESARROLLO DE SOFTWARE.,44
9537,228118,2977508,2024,50.0,50.0,42.0,REGIONAL NORTE DE SANTANDER,54,"9537 - CENTRO DE LA INDUSTRIA, LA EMPRESA Y LOS SERVICIOS",ANALISIS Y DESARROLLO DE SOFTWARE.,43
9537,228118,2977509,2024,53.0,52.0,44.0,REGIONAL NORTE DE SANTANDER,54,"9537 - CENTRO DE LA INDUSTRIA, LA EMPRESA Y LOS SERVICIOS",ANALISIS Y DESARROLLO DE SOFTWARE.,51
9537,228118,2977510,2024,51.0,51.0,44.0,REGIONAL NORTE DE SANTANDER,54,"9537 - CENTRO DE LA INDUSTRIA, LA EMPRESA Y LOS SERVICIOS",ANALISIS Y DESARROLLO DE SOFTWARE.,48
9537,228118,2977511,2024,51.0,51.0,44.0,REGIONAL NORTE DE SANTANDER,54,"9537 - CENTRO DE LA INDUSTRIA, LA EMPRESA Y LOS SERVICIOS",ANALISIS Y DESARROLLO DE SOFTWARE.,45
9537,228118,2977512,2024,50.0,50.0,42.0,REGIONAL NORTE DE SANTANDER,54,"9537 - CENTRO DE LA INDUSTRIA, LA EMPRESA Y LOS SERVICIOS",ANALISIS Y DESARROLLO DE SOFTWARE.,42
9537,228118,2977513,2024,50.0,50.0,42.0,REGIONAL NORTE DE SANTANDER,54,"9537 - CENTRO DE LA INDUSTRIA, LA EMPRESA Y LOS SERVICIOS",ANALISIS Y DESARROLLO DE SOFTWARE.,45
9537,228118,3070122,2024,50.0,50.0,42.0,REGIONAL NORTE DE SANTANDER,54,"9537 - CENTRO DE LA INDUSTRIA, LA EMPRESA Y LOS SERVICIOS",ANALISIS Y DESARROLLO DE SOFTWARE.,38
9537,228118,3070125,2024,50.0,50.0,42.0,REGIONAL NORTE DE SANTANDER,54,"9537 - CENTRO DE LA INDUSTRIA, LA EMPRESA Y LOS SERVICIOS",ANALISIS Y DESARROLLO DE SOFTWARE.,35
9537,228118,3070130,2024,50.0,50.0,42.0,REGIONAL NORTE DE SANTANDER,54,"9537 - CENTRO DE LA INDUSTRIA, LA EMPRESA Y LOS SERVICIOS",ANALISIS Y DESARROLLO DE SOFTWARE.,33
9119,513601,2626888,2022,52.0,52.0,42.0,REGIONAL NORTE DE SANTANDER,54,9119 - CENTRO DE FORMACIÓN PARA EL DESARROLLO RURAL Y MINERO,ANIMACION DIGITAL,39
9119,513601,2977177,2024,52.0,52.0,42.0,REGIONAL NORTE DE SANTANDER,54,9119 - CENTRO DE FORMACIÓN PARA EL DESARROLLO RURAL Y MINERO,ANIMACION DIGITAL,46
9119,513601,3070415,2024,52.0,52.0,42.0,REGIONAL NORTE DE SANTANDER,54,9119 - CENTRO DE FORMACIÓN PARA EL DESARROLLO RURAL Y MINERO,ANIMACION DIGITAL,44
9119,522309,2626918,2022,51.0,51.0,44.0,REGIONAL NORTE DE SANTANDER,54,9119 - CENTRO DE FORMACIÓN PARA EL DESARROLLO RURAL Y MINERO,DESARROLLO DE MEDIOS GRAFICOS VISUALES,39
9119,522309,2675730,2022,73.0,72.0,51.0,REGIONAL NORTE DE SANTANDER,54,9119 - CENTRO DE FORMACIÓN PARA EL DESARROLLO RURAL Y MINERO,DESARROLLO DE MEDIOS GRAFICOS VISUALES,52
9119,522309,2977209,2024,51.0,51.0,44.0,REGIONAL NORTE DE SANTANDER,54,9119 - CENTRO DE FORMACIÓN PARA EL DESARROLLO RURAL Y MINERO,DESARROLLO DE MEDIOS GRAFICOS VISUALES,45
9119,124100,2627169,2022,52.0,52.0,42.0,REGIONAL NORTE DE SANTANDER,54,9119 - CENTRO DE FORMACIÓN PARA EL DESARROLLO RURAL Y MINERO,DESARROLLO PUBLICITARIO,43
9119,124100,2675890,2022,50.0,50.0,42.0,REGIONAL NORTE DE SANTANDER,54,9119 - CENTRO DE FORMACIÓN PARA EL DESARROLLO RURAL Y MINERO,DESARROLLO PUBLICITARIO,39
9119,124100,2758439,2023,51.0,51.0,44.0,REGIONAL NORTE DE SANTANDER,54,9119 - CENTRO DE FORMACIÓN PARA EL DESARROLLO RURAL Y MINERO,DESARROLLO PUBLICITARIO,42
9119,124100,2977607,2024,53.0,53.0,44.0,REGIONAL NORTE DE SANTANDER,54,9119 - CENTRO DE FORMACIÓN PARA EL DESARROLLO RURAL Y MINERO,DESARROLLO PUBLICITARIO,51
9119,524703,2675752,2022,93.0,93.0,49.0,REGIONAL NORTE DE SANTANDER,54,9119 - CENTRO DE FORMACIÓN PARA EL DESARROLLO RURAL Y MINERO,ANIMACION 3D.,51
9119,524703,2834656,2023,51.0,53.0,44.0,REGIONAL NORTE DE SANTANDER,54,9119 - CENTRO DE FORMACIÓN PARA EL DESARROLLO RURAL Y MINERO,ANIMACION 3D.,46
9537,513601,2721280,2023,59.0,56.0,52.0,REGIONAL NORTE DE SANTANDER,54,"9537 - CENTRO DE LA INDUSTRIA, LA EMPRESA Y LOS SERVICIOS",ANIMACION DIGITAL,44
9537,513601,2834501,2023,51.0,60.0,44.0,REGIONAL NORTE DE SANTANDER,54,"9537 - CENTRO DE LA INDUSTRIA, LA EMPRESA Y LOS SERVICIOS",ANIMACION DIGITAL,36
9537,513601,2977190,2024,52.0,52.0,42.0,REGIONAL NORTE DE SANTANDER,54,"9537 - CENTRO DE LA INDUSTRIA, LA EMPRESA Y LOS SERVICIOS",ANIMACION DIGITAL,39
9537,513601,3070434,2024,51.0,52.0,44.0,REGIONAL NORTE DE SANTANDER,54,"9537 - CENTRO DE LA INDUSTRIA, LA EMPRESA Y LOS SERVICIOS",ANIMACION DIGITAL,34
9119,217320,2758094,2023,52.0,52.0,42.0,REGIONAL NORTE DE SANTANDER,54,9119 - CENTRO DE FORMACIÓN PARA EL DESARROLLO RURAL Y MINERO,DESARROLLO MULTIMEDIA Y WEB,47
9537,217320,2758106,2023,52.0,52.0,42.0,REGIONAL NORTE DE SANTANDER,54,"9537 - CENTRO DE LA INDUSTRIA, LA EMPRESA Y LOS SERVICIOS",DESARROLLO MULTIMEDIA Y WEB,36
9537,217320,2758107,2023,52.0,52.0,42.0,REGIONAL NORTE DE SANTANDER,54,"9537 - CENTRO DE LA INDUSTRIA, LA EMPRESA Y LOS SERVICIOS",DESARROLLO MULTIMEDIA Y WEB,39
9537,217320,2879521,2023,52.0,52.0,42.0,REGIONAL NORTE DE SANTANDER,54,"9537 - CENTRO DE LA INDUSTRIA, LA EMPRESA Y LOS SERVICIOS",DESARROLLO MULTIMEDIA Y WEB,48
9537,217320,2879522,2023,52.0,52.0,42.0,REGIONAL NORTE DE SANTANDER,54,"9537 - CENTRO DE LA INDUSTRIA, LA EMPRESA Y LOS SERVICIOS",DESARROLLO MULTIMEDIA Y WEB,41
9537,217320,2879523,2023,53.0,53.0,44.0,REGIONAL NORTE DE SANTANDER,54,"9537 - CENTRO DE LA INDUSTRIA, LA EMPRESA Y LOS SERVICIOS",DESARROLLO MULTIMEDIA Y WEB,45
9537,217320,2879524,2023,52.0,52.0,42.0,REGIONAL NORTE DE SANTANDER,54,"9537 - CENTRO DE LA INDUSTRIA, LA EMPRESA Y LOS SERVICIOS",DESARROLLO MULTIMEDIA Y WEB,37
9537,217320,3070161,2024,55.0,55.0,42.0,REGIONAL NORTE DE SANTANDER,54,"9537 - CENTRO DE LA INDUSTRIA, LA EMPRESA Y LOS SERVICIOS",DESARROLLO MULTIMEDIA Y WEB,40
9119,121524,2758115,2023,50.0,50.0,42.0,REGIONAL NORTE DE SANTANDER,54,9119 - CENTRO DE FORMACIÓN PARA EL DESARROLLO RURAL Y MINERO,GESTION INTEGRAL DEL TRANSPORTE,43
9119,121524,2834388,2023,53.0,53.0,44.0,REGIONAL NORTE DE SANTANDER,54,9119 - CENTRO DE FORMACIÓN PARA EL DESARROLLO RURAL Y MINERO,GESTION INTEGRAL DEL TRANSPORTE,51
9119,121524,2977150,2024,51.0,51.0,44.0,REGIONAL NORTE DE SANTANDER,54,9119 - CENTRO DE FORMACIÓN PARA EL DESARROLLO RURAL Y MINERO,GESTION INTEGRAL DEL TRANSPORTE,42
9119,723179,2758209,2023,98.0,97.0,49.0,REGIONAL NORTE DE SANTANDER,54,9119 - CENTRO DE FORMACIÓN PARA EL DESARROLLO RURAL Y MINERO,GESTION AGROEMPRESARIAL,51
9119,723179,2834549,2023,50.0,51.0,42.0,REGIONAL NORTE DE SANTANDER,54,9119 - CENTRO DE FORMACIÓN PARA EL DESARROLLO RURAL Y MINERO,GESTION AGROEMPRESARIAL,45
9119,723179,2834550,2023,51.0,51.0,44.0,REGIONAL NORTE DE SANTANDER,54,9119 - CENTRO DE FORMACIÓN PARA EL DESARROLLO RURAL Y MINERO,GESTION AGROEMPRESARIAL,45
9119,723179,2977252,2024,50.0,50.0,42.0,REGIONAL NORTE DE SANTANDER,54,9119 - CENTRO DE FORMACIÓN PARA EL DESARROLLO RURAL Y MINERO,GESTION AGROEMPRESARIAL,43
9119,723179,2977253,2024,50.0,50.0,42.0,REGIONAL NORTE DE SANTANDER,54,9119 - CENTRO DE FORMACIÓN PARA EL DESARROLLO RURAL Y MINERO,GESTION AGROEMPRESARIAL,42
9119,723179,2977254,2024,51.0,51.0,44.0,REGIONAL NORTE DE SANTANDER,54,9119 - CENTRO DE FORMACIÓN PARA EL DESARROLLO RURAL Y MINERO,GESTION AGROEMPRESARIAL,46
9119,723179,2977255,2024,50.0,50.0,42.0,REGIONAL NORTE DE SANTANDER,54,9119 - CENTRO DE FORMACIÓN PARA EL DESARROLLO RURAL Y MINERO,GESTION AGROEMPRESARIAL,43
9119,723179,2977256,2024,51.0,51.0,44.0,REGIONAL NORTE DE SANTANDER,54,9119 - CENTRO DE FORMACIÓN PARA EL DESARROLLO RURAL Y MINERO,GESTION AGROEMPRESARIAL,50
9119,723179,2977257,2024,51.0,51.0,44.0,REGIONAL NORTE DE SANTANDER,54,9119 - CENTRO DE FORMACIÓN PARA EL DESARROLLO RURAL Y MINERO,GESTION AGROEMPRESARIAL,48
9119,723179,2977258,2024,50.0,50.0,42.0,REGIONAL NORTE DE SANTANDER,54,9119 - CENTRO DE FORMACIÓN PARA EL DESARROLLO RURAL Y MINERO,GESTION AGROEMPRESARIAL,43
9119,723179,3070405,2024,52.0,52.0,42.0,REGIONAL NORTE DE SANTANDER,54,9119 - CENTRO DE FORMACIÓN PARA EL DESARROLLO RURAL Y MINERO,GESTION AGROEMPRESARIAL,44
9119,723179,3070406,2024,52.0,52.0,42.0,REGIONAL NORTE DE SANTANDER,54,9119 - CENTRO DE FORMACIÓN PARA EL DESARROLLO RURAL Y MINERO,GESTION AGROEMPRESARIAL,39
9537,821207,2834518,2023,95.0,95.0,50.0,REGIONAL NORTE DE SANTANDER,54,"9537 - CENTRO DE LA INDUSTRIA, LA EMPRESA Y LOS SERVICIOS",GESTION EFICIENTE DE LA ENERGIA,48
9537,821207,2834519,2023,95.0,95.0,50.0,REGIONAL NORTE DE SANTANDER,54,"9537 - CENTRO DE LA INDUSTRIA, LA EMPRESA Y LOS SERVICIOS",GESTION EFICIENTE DE LA ENERGIA,50
9537,821207,2834520,2023,96.0,96.0,51.0,REGIONAL NORTE DE SANTANDER,54,"9537 - CENTRO DE LA INDUSTRIA, LA EMPRESA Y LOS SERVICIOS",GESTION EFICIENTE DE LA ENERGIA,49
9119,821207,2834521,2023,96.0,97.0,51.0,REGIONAL NORTE DE SANTANDER,54,9119 - CENTRO DE FORMACIÓN PARA EL DESARROLLO RURAL Y MINERO,GESTION EFICIENTE DE LA ENERGIA,54
9119,821207,2834522,2023,96.0,96.0,51.0,REGIONAL NORTE DE SANTANDER,54,9119 - CENTRO DE FORMACIÓN PARA EL DESARROLLO RURAL Y MINERO,GESTION EFICIENTE DE LA ENERGIA,58
9119,821207,2879911,2023,52.0,52.0,42.0,REGIONAL NORTE DE SANTANDER,54,9119 - CENTRO DE FORMACIÓN PARA EL DESARROLLO RURAL Y MINERO,GESTION EFICIENTE DE LA ENERGIA,36
9119,821207,2977894,2024,59.0,59.0,52.0,REGIONAL NORTE DE SANTANDER,54,9119 - CENTRO DE FORMACIÓN PARA EL DESARROLLO RURAL Y MINERO,GESTION EFICIENTE DE LA ENERGIA,50
9119,821207,2977895,2024,59.0,59.0,52.0,REGIONAL NORTE DE SANTANDER,54,9119 - CENTRO DE FORMACIÓN PARA EL DESARROLLO RURAL Y MINERO,GESTION EFICIENTE DE LA ENERGIA,55
9119,821207,3070407,2024,54.0,54.0,45.0,REGIONAL NORTE DE SANTANDER,54,9119 - CENTRO DE FORMACIÓN PARA EL DESARROLLO RURAL Y MINERO,GESTION EFICIENTE DE LA ENERGIA,44
9119,821207,3070408,2024,54.0,54.0,45.0,REGIONAL NORTE DE SANTANDER,54,9119 - CENTRO DE FORMACIÓN PARA EL DESARROLLO RURAL Y MINERO,GESTION EFICIENTE DE LA ENERGIA,45
9119,821207,3070409,2024,54.0,54.0,45.0,REGIONAL NORTE DE SANTANDER,54,9119 - CENTRO DE FORMACIÓN PARA EL DESARROLLO RURAL Y MINERO,GESTION EFICIENTE DE LA ENERGIA,45
9537,524300,2834697,2023,53.0,53.0,44.0,REGIONAL NORTE DE SANTANDER,54,"9537 - CENTRO DE LA INDUSTRIA, LA EMPRESA Y LOS SERVICIOS",DESARROLLO DE COLECCIONES PARA LA INDUSTRIA DE LA MODA.,46
9537,524300,2879557,2023,51.0,51.0,44.0,REGIONAL NORTE DE SANTANDER,54,"9537 - CENTRO DE LA INDUSTRIA, LA EMPRESA Y LOS SERVICIOS",DESARROLLO DE COLECCIONES PARA LA INDUSTRIA DE LA MODA.,39
9537,524300,2879558,2023,50.0,50.0,42.0,REGIONAL NORTE DE SANTANDER,54,"9537 - CENTRO DE LA INDUSTRIA, LA EMPRESA Y LOS SERVICIOS",DESARROLLO DE COLECCIONES PARA LA INDUSTRIA DE LA MODA.,41
9537,524300,2977206,2024,52.0,52.0,42.0,REGIONAL NORTE DE SANTANDER,54,"9537 - CENTRO DE LA INDUSTRIA, LA EMPRESA Y LOS SERVICIOS",DESARROLLO DE COLECCIONES PARA LA INDUSTRIA DE LA MODA.,44
9119,524300,2834700,2023,53.0,57.0,44.0,REGIONAL NORTE DE SANTANDER,54,9119 - CENTRO DE FORMACIÓN PARA EL DESARROLLO RURAL Y MINERO,DESARROLLO DE COLECCIONES PARA LA INDUSTRIA DE LA MODA.,44
9119,228108,2834750,2023,88.0,87.0,51.0,REGIONAL NORTE DE SANTANDER,54,9119 - CENTRO DE FORMACIÓN PARA EL DESARROLLO RURAL Y MINERO,DESARROLLO DE VIDEOJUEGOS Y ENTORNOS INTERACTIVOS,50
9119,228108,2834751,2023,88.0,87.0,51.0,REGIONAL NORTE DE SANTANDER,54,9119 - CENTRO DE FORMACIÓN PARA EL DESARROLLO RURAL Y MINERO,DESARROLLO DE VIDEOJUEGOS Y ENTORNOS INTERACTIVOS,49
9537,124100,2834770,2023,50.0,51.0,42.0,REGIONAL NORTE DE SANTANDER,54,"9537 - CENTRO DE LA INDUSTRIA, LA EMPRESA Y LOS SERVICIOS",DESARROLLO PUBLICITARIO,43
9537,124100,2879782,2023,50.0,50.0,42.0,REGIONAL NORTE DE SANTANDER,54,"9537 - CENTRO DE LA INDUSTRIA, LA EMPRESA Y LOS SERVICIOS",DESARROLLO PUBLICITARIO,45
9537,124100,2879783,2023,51.0,50.0,44.0,REGIONAL NORTE DE SANTANDER,54,"9537 - CENTRO DE LA INDUSTRIA, LA EMPRESA Y LOS SERVICIOS",DESARROLLO PUBLICITARIO,46
9537,124100,2977648,2024,50.0,51.0,42.0,REGIONAL NORTE DE SANTANDER,54,"9537 - CENTRO DE LA INDUSTRIA, LA EMPRESA Y LOS SERVICIOS",DESARROLLO PUBLICITARIO,41
9119,121523,2879785,2023,50.0,50.0,42.0,REGIONAL NORTE DE SANTANDER,54,9119 - CENTRO DE FORMACIÓN PARA EL DESARROLLO RURAL Y MINERO,COORDINACION DE PROCESOS LOGISTICOS,40
9119,121523,2879786,2023,50.0,50.0,42.0,REGIONAL NORTE DE SANTANDER,54,9119 - CENTRO DE FORMACIÓN PARA EL DESARROLLO RURAL Y MINERO,COORDINACION DE PROCESOS LOGISTICOS,35
9119,121523,2977663,2024,50.0,50.0,42.0,REGIONAL NORTE DE SANTANDER,54,9119 - CENTRO DE FORMACIÓN PARA EL DESARROLLO RURAL Y MINERO,COORDINACION DE PROCESOS LOGISTICOS,48
9119,121523,2977664,2024,50.0,50.0,42.0,REGIONAL NORTE DE SANTANDER,54,9119 - CENTRO DE FORMACIÓN PARA EL DESARROLLO RURAL Y MINERO,COORDINACION DE PROCESOS LOGISTICOS,41
9119,121523,3070404,2024,50.0,51.0,42.0,REGIONAL NORTE DE SANTANDER,54,9119 - CENTRO DE FORMACIÓN PARA EL DESARROLLO RURAL Y MINERO,COORDINACION DE PROCESOS LOGISTICOS,44
9537,522309,2977240,2024,51.0,51.0,44.0,REGIONAL NORTE DE SANTANDER,54,"9537 - CENTRO DE LA INDUSTRIA, LA EMPRESA Y LOS SERVICIOS",DESARROLLO DE MEDIOS GRAFICOS VISUALES,45
9537,121523,2977788,2024,50.0,50.0,42.0,REGIONAL NORTE DE SANTANDER,54,"9537 - CENTRO DE LA INDUSTRIA, LA EMPRESA Y LOS SERVICIOS",COORDINACION DE PROCESOS LOGISTICOS,43
9537,121523,2977789,2024,50.0,50.0,42.0,REGIONAL NORTE DE SANTANDER,54,"9537 - CENTRO DE LA INDUSTRIA, LA EMPRESA Y LOS SERVICIOS",COORDINACION DE PROCESOS LOGISTICOS,41
9537,121523,2977790,2024,50.0,50.0,42.0,REGIONAL NORTE DE SANTANDER,54,"9537 - CENTRO DE LA INDUSTRIA, LA EMPRESA Y LOS SERVICIOS",COORDINACION DE PROCESOS LOGISTICOS,46
9537,121523,2977791,2024,50.0,50.0,42.0,REGIONAL NORTE DE SANTANDER,54,"9537 - CENTRO DE LA INDUSTRIA, LA EMPRESA Y LOS SERVICIOS",COORDINACION DE PROCESOS LOGISTICOS,48
9537,121523,2977792,2024,50.0,50.0,42.0,REGIONAL NORTE DE SANTANDER,54,"9537 - CENTRO DE LA INDUSTRIA, LA EMPRESA Y LOS SERVICIOS",COORDINACION DE PROCESOS LOGISTICOS,45
9537,121523,2977793,2024,50.0,50.0,42.0,REGIONAL NORTE DE SANTANDER,54,"9537 - CENTRO DE LA INDUSTRIA, LA EMPRESA Y LOS SERVICIOS",COORDINACION DE PROCESOS LOGISTICOS,43
9537,228183,3070170,2024,53.0,53.0,44.0,REGIONAL NORTE DE SANTANDER,54,"9537 - CENTRO DE LA INDUSTRIA, LA EMPRESA Y LOS SERVICIOS",GESTION DE REDES DE DATOS,34
9537,228183,3070171,2024,53.0,53.0,44.0,REGIONAL NORTE DE SANTANDER,54,"9537 - CENTRO DE LA INDUSTRIA, LA EMPRESA Y LOS SERVICIOS",GESTION DE REDES DE DATOS,38
9537,121524,3070176,2024,53.0,53.0,44.0,REGIONAL NORTE DE SANTANDER,54,"9537 - CENTRO DE LA INDUSTRIA, LA EMPRESA Y LOS SERVICIOS",GESTION INTEGRAL DEL TRANSPORTE,47
9537,121524,3070178,2024,53.0,53.0,44.0,REGIONAL NORTE DE SANTANDER,54,"9537 - CENTRO DE LA INDUSTRIA, LA EMPRESA Y LOS SERVICIOS",GESTION INTEGRAL DEL TRANSPORTE,38
